"Tm","WinP","Salary","Year","log.Salary"
"ATL",0.407,14807000,1985,16.5106105998909
"BAL",0.515,12085712,1985,16.3075344863958
"BOS",0.5,10897560,1985,16.2040494689295
"CAL",0.556,14427894,1985,16.484673974153
"CHC",0.478,12702917,1985,16.3573422100946
"CHW",0.525,9846178,1985,16.1025939175443
"CIN",0.553,8359917,1985,15.9389590567819
"CLE",0.37,6551666,1985,15.6952299264147
"DET",0.522,10348143,1985,16.1523176412881
"HOU",0.512,9993051,1985,16.1174005094034
"KCR",0.562,10565346,1985,16.1730899581411
"LAD",0.586,10967917,1985,16.2104849327267
"MIL",0.441,11284107,1985,16.2389058335121
"MIN",0.475,5764821,1985,15.567284661767
"MON",0.522,9470166,1985,16.0636569940477
"NYM",0.605,10834762,1985,16.1982702268599
"NYY",0.603,14238204,1985,16.4714393323983
"OAK",0.475,9058606,1985,16.0192258030464
"PHI",0.463,10644966,1985,16.1805976623168
"PIT",0.354,9267500,1985,16.042024214007
"SDP",0.512,11191583,1985,16.2306725358771
"SEA",0.457,4613000,1985,15.34438896254
"SFG",0.383,8221714,1985,15.922289261111
"STL",0.624,11817083,1985,16.2850567543758
"TEX",0.385,7676500,1985,15.8536742720811
"TOR",0.615,9329217,1985,16.0486616464722
"ATL",0.447,17102786,1986,16.6547519321788
"BAL",0.451,13001258,1986,16.3805566799747
"BOS",0.59,14402239,1986,16.4828942385706
"CAL",0.568,14427258,1986,16.4846298919038
"CHC",0.438,17208165,1986,16.6608945384472
"CHW",0.444,10418819,1986,16.1591242481348
"CIN",0.531,11906388,1986,16.2925856207753
"CLE",0.518,7809500,1986,15.8708514992799
"DET",0.537,12335714,1986,16.3280091903401
"HOU",0.593,9873276,1986,16.1053422712317
"KCR",0.469,13043698,1986,16.3838156632161
"LAD",0.451,15213776,1986,16.5377118911498
"MIL",0.478,9943642,1986,16.1124439099156
"MIN",0.438,9498167,1986,16.0666093905856
"MON",0.484,11103600,1986,16.2227799380251
"NYM",0.667,15393714,1986,16.5494698022368
"NYY",0.556,18494253,1986,16.7329705931386
"OAK",0.469,9779421,1986,16.0957908378045
"PHI",0.534,11590166,1986,16.2656675379053
"PIT",0.395,10938500,1986,16.2077992340401
"SDP",0.457,11380693,1986,16.2474288811177
"SEA",0.414,5958309,1986,15.6002972739518
"SFG",0.512,8947000,1986,16.0068288385297
"STL",0.491,9875010,1986,16.1055178814092
"TEX",0.537,6743119,1986,15.7240331354922
"TOR",0.531,12801047,1986,16.3650375224197
"ATL",0.429,17444560,1987,16.6745384101582
"BAL",0.414,14250273,1987,16.4722866223902
"BOS",0.481,13770171,1987,16.4380152889284
"CAL",0.463,13855999,1987,16.4442288376135
"CHC",0.472,15473026,1987,16.5546088078168
"CHW",0.475,12135343,1987,16.3116326620915
"CIN",0.518,9281500,1987,16.0435337296314
"CLE",0.377,9033750,1987,16.0164781215793
"DET",0.605,12122881,1987,16.3106052166284
"HOU",0.469,12758371,1987,16.3616981631543
"KCR",0.512,12513056,1987,16.3422831371828
"LAD",0.451,14474737,1987,16.4879154120009
"MIL",0.562,7293224,1987,15.8024562558783
"MIN",0.525,10585000,1987,16.1749484625511
"MON",0.562,8877052,1987,15.9989800778682
"NYM",0.568,13846714,1987,16.4435585061302
"NYY",0.549,19457714,1987,16.7837541560849
"OAK",0.5,12730839,1987,16.3595378756674
"PHI",0.494,12482997,1987,16.3398780363063
"PIT",0.494,8789500,1987,15.9890683852221
"SDP",0.401,12065796,1987,16.3058852308285
"SEA",0.481,4623000,1987,15.3465544029704
"SFG",0.556,8532500,1987,15.959392959763
"STL",0.586,11758000,1987,16.2800444179443
"TEX",0.463,5992718,1987,15.6060556234358
"TOR",0.593,10765401,1987,16.1918479384352
"ATL",0.338,13065674,1988,16.385499043819
"BAL",0.335,14389075,1988,16.4819797960469
"BOS",0.549,14687092,1988,16.5024795707594
"CAL",0.463,12249888,1988,16.3210273520561
"CHC",0.475,13956698,1988,16.4514700943689
"CHW",0.441,8537500,1988,15.9599787828612
"CIN",0.54,9697409,1988,16.0873692943904
"CLE",0.481,9261500,1988,16.0413765805449
"DET",0.543,13432071,1988,16.41315576361
"HOU",0.506,12641167,1988,16.3524692683706
"KCR",0.522,14850062,1988,16.5135145982884
"LAD",0.584,17141015,1988,16.6569846875836
"MIL",0.537,9502000,1988,16.067012860729
"MIN",0.562,13308966,1988,16.4039485014032
"MON",0.5,10046833,1988,16.1227680184291
"NYM",0.625,15401814,1988,16.5499958526547
"NYY",0.528,20371152,1988,16.8296303403594
"OAK",0.642,10653833,1988,16.1814302914723
"PHI",0.404,13900500,1988,16.447435368677
"PIT",0.531,7128500,1988,15.7796113915762
"SDP",0.515,10723502,1988,16.1879483393634
"SEA",0.422,7754950,1988,15.8638419071187
"SFG",0.512,12822500,1988,16.3667119982456
"STL",0.469,13192500,1988,16.395159044262
"TEX",0.435,6385631,1988,15.6695608679378
"TOR",0.537,14412725,1988,16.483622054886
"ATL",0.394,11180334,1989,16.2296669000214
"BAL",0.537,10916401,1989,16.2057768952034
"BOS",0.512,18556748,1989,16.7363440544531
"CAL",0.562,15097833,1989,16.5300617815528
"CHC",0.574,11918000,1989,16.2935604202891
"CHW",0.429,8565410,1989,15.9632425578299
"CIN",0.463,11717000,1989,16.2765513366503
"CLE",0.451,9894500,1989,16.1074896051711
"DET",0.364,15669304,1989,16.5672141972641
"HOU",0.531,15579500,1989,16.5614665054657
"KCR",0.568,18914068,1989,16.7554165417716
"LAD",0.481,21071562,1989,16.8634349168722
"MIL",0.5,12716000,1989,16.3583716010128
"MIN",0.494,16806666,1989,16.6372861513891
"MON",0.5,13807389,1989,16.440714441616
"NYM",0.537,19885071,1989,16.8054798071481
"NYY",0.46,17114375,1989,16.6554293116051
"OAK",0.611,16314265,1989,16.6075504364278
"PHI",0.414,10779000,1989,16.1931103547638
"PIT",0.457,13992500,1989,16.4540320297477
"SDP",0.549,15295000,1989,16.5430365355671
"SEA",0.451,10099500,1989,16.1279964756356
"SFG",0.568,15040834,1989,16.5262793270762
"STL",0.531,16078833,1989,16.5930142444546
"TEX",0.512,11893781,1989,16.2915262164341
"TOR",0.549,16586666,1989,16.6241096775342
"ATL",0.401,15065501,1990,16.5279179858847
"BAL",0.472,10100084,1990,16.1280542986086
"BOS",0.543,20858333,1990,16.8532640906332
"CAL",0.494,22417500,1990,16.9253524618083
"CHC",0.475,14599000,1990,16.4964635911821
"CHW",0.58,10721500,1990,16.1877616291914
"CIN",0.562,14470000,1990,16.4875880986077
"CLE",0.475,15208000,1990,16.5373321631504
"DET",0.488,18393238,1990,16.7274936550345
"HOU",0.463,18752500,1990,16.7468376348259
"KCR",0.466,24161084,1990,17.000253797574
"LAD",0.531,22018704,1990,16.9074028319409
"MIL",0.457,20149167,1990,16.8186735055521
"MIN",0.457,15272000,1990,16.5415316443877
"MON",0.525,17334888,1990,16.6682316761632
"NYM",0.562,21922834,1990,16.9030393000082
"NYY",0.414,21312318,1990,16.8747957733821
"OAK",0.636,20087501,1990,16.8156083388101
"PHI",0.475,13740167,1990,16.4358339989786
"PIT",0.586,15556000,1990,16.5599569742578
"SDP",0.463,17788334,1990,16.6940534071398
"SEA",0.475,12867667,1990,16.3702282888589
"SFG",0.525,21565333,1990,16.8865976296328
"STL",0.432,21048334,1990,16.8623319700674
"TEX",0.512,15597872,1990,16.5626450526586
"TOR",0.531,18259334,1990,16.7201869593005
"ATL",0.58,18403500,1991,16.7280514218815
"BAL",0.414,17519000,1991,16.678796564218
"BOS",0.518,35167500,1991,17.375632918614
"CAL",0.5,33060001,1991,17.3138346806052
"CHC",0.481,23380667,1991,16.9674200422582
"CHW",0.537,16919667,1991,16.6439872310976
"CIN",0.457,26305333,1991,17.0852822522572
"CLE",0.352,17635000,1991,16.6853961216523
"DET",0.518,23838333,1991,16.9868054732199
"HOU",0.401,12852500,1991,16.3690489029118
"KCR",0.506,26319834,1991,17.0858333574106
"LAD",0.574,32790664,1991,17.305654398692
"MIL",0.512,23115500,1991,16.9560139461461
"MIN",0.586,23361833,1991,16.9666141803116
"MON",0.441,10732333,1991,16.1887715187455
"NYM",0.478,32590001,1991,17.299516081498
"NYY",0.438,27344168,1991,17.1240138282625
"OAK",0.518,36999167,1991,17.4264059568416
"PHI",0.481,22487332,1991,16.9284626863959
"PIT",0.605,23634667,1991,16.9782251328358
"SDP",0.518,22150001,1991,16.9133480996021
"SEA",0.512,15691833,1991,16.5686509438894
"SFG",0.463,30967666,1991,17.2484541858547
"STL",0.518,21860001,1991,16.9001690864583
"TEX",0.525,18224500,1991,16.7182774006404
"TOR",0.562,19902417,1991,16.8063517396058
"ATL",0.605,34625333,1992,17.360096139754
"BAL",0.549,23891667,1992,16.9890402950175
"BOS",0.451,43610584,1992,17.5908104311533
"CAL",0.444,34749334,1992,17.3636709643238
"CHC",0.481,29829686,1992,17.2110146301197
"CHW",0.531,30160833,1992,17.222054720086
"CIN",0.556,33431499,1992,17.3250090973551
"CLE",0.469,9373044,1992,16.0533484680524
"DET",0.463,27322834,1992,17.1232333208155
"HOU",0.5,15407500,1992,16.5503649618185
"KCR",0.444,33893834,1992,17.3387436679015
"LAD",0.389,44788166,1992,17.6174545107053
"MIL",0.568,31013667,1992,17.2499385362621
"MIN",0.556,28027834,1992,17.1487086458062
"MON",0.537,15822334,1992,16.5769330441877
"NYM",0.444,44602002,1992,17.6132893038752
"NYY",0.469,37652334,1992,17.4439055023206
"OAK",0.593,41035000,1992,17.529935919046
"PHI",0.432,24492834,1992,17.0138911429356
"PIT",0.593,33944167,1992,17.3402275857202
"SDP",0.506,26854167,1992,17.1059315624083
"SEA",0.395,23304833,1992,16.9641713219191
"SFG",0.444,33163168,1992,17.3169504204593
"STL",0.512,27583836,1992,17.1327405069522
"TEX",0.475,30128167,1992,17.2209710728802
"TOR",0.593,44788666,1992,17.6174656743061
"ATL",0.642,41641417,1993,17.5446058309111
"BAL",0.525,29096500,1993,17.186128449994
"BOS",0.494,37120583,1993,17.4296821715779
"CAL",0.438,28588334,1993,17.1685092904775
"CHC",0.518,39386666,1993,17.4889378905931
"CHW",0.58,39696166,1993,17.4967651666865
"CIN",0.451,44879666,1993,17.6194953770833
"CLE",0.469,18561000,1993,16.7365731631812
"COL",0.414,10353500,1993,16.1528351847622
"DET",0.525,38150165,1993,17.4570406407182
"FLA",0.395,19330545,1993,16.7771970453034
"HOU",0.525,30210500,1993,17.2237001040369
"KCR",0.518,41455167,1993,17.5401230879889
"LAD",0.5,39440999,1993,17.4903164169925
"MIL",0.426,23806834,1993,16.9854832402812
"MIN",0.438,28217933,1993,17.1554682557815
"MON",0.58,18899333,1993,16.7546371884018
"NYM",0.364,39043667,1993,17.4801912444014
"NYY",0.543,42624900,1993,17.5679491475241
"OAK",0.42,37812333,1993,17.4481458772167
"PHI",0.599,28538334,1993,17.1667587940975
"PIT",0.463,24822467,1993,17.02725972845
"SDP",0.377,25511333,1993,17.0546333427708
"SEA",0.506,33646333,1993,17.3314146333769
"SFG",0.636,35159000,1993,17.3753911889661
"STL",0.537,23367334,1993,16.96684962213
"TEX",0.531,36376959,1993,17.4094461376759
"TOR",0.586,47279166,1993,17.6715802913126
"ATL",0.597,49383513,1994,17.7151271815136
"BAL",0.562,38849769,1994,17.4752126888143
"BOS",0.47,37859084,1994,17.4493815090523
"CAL",0.409,25156218,1994,17.0406156605326
"CHC",0.434,36287333,1994,17.4069792851687
"CHW",0.593,39183836,1994,17.4837748727835
"CIN",0.579,41073833,1994,17.5308818100415
"CLE",0.584,30490500,1994,17.2329257176493
"COL",0.453,23887333,1994,16.9888588764021
"DET",0.461,41446501,1994,17.5399140210247
"FLA",0.444,21633000,1994,16.889730484567
"HOU",0.574,33126000,1994,17.3158290304942
"KCR",0.556,40541334,1994,17.5178326042188
"LAD",0.509,38000001,1994,17.4530967440064
"MIL",0.461,24350500,1994,17.008062941163
"MIN",0.469,28438500,1994,17.1632544188923
"MON",0.649,19098000,1994,16.7650941754923
"NYM",0.487,30956583,1994,17.2480962323777
"NYY",0.62,46040334,1994,17.6450283963529
"OAK",0.447,34172500,1994,17.3469317850089
"PHI",0.47,31599000,1994,17.2686360324868
"PIT",0.465,24217250,1994,17.0025757471159
"SDP",0.402,14916333,1994,16.5179673450518
"SEA",0.438,29228500,1994,17.1906548186307
"SFG",0.478,42638666,1994,17.5682720521542
"STL",0.465,29275601,1994,17.1922649966993
"TEX",0.456,32973597,1994,17.3112177082781
"TOR",0.478,43433668,1994,17.5867454586928
"ATL",0.625,47235445,1995,17.6706551221212
"BAL",0.493,43942521,1995,17.5983929969663
"BOS",0.597,32455518,1995,17.2953810328831
"CAL",0.538,31223171,1995,17.2566710374005
"CHC",0.507,29505834,1995,17.2000985644694
"CHW",0.472,46961282,1995,17.6648340329411
"CIN",0.59,43144670,1995,17.5800694452686
"CLE",0.694,38057835,1995,17.4546175343468
"COL",0.535,34154717,1995,17.3464112603576
"DET",0.417,37044168,1995,17.4276214884094
"FLA",0.469,24515781,1995,17.0148275906061
"HOU",0.528,34169834,1995,17.346853766017
"KCR",0.486,29532834,1995,17.2010132193151
"LAD",0.542,39273201,1995,17.4860529358373
"MIL",0.451,17798825,1995,16.6946430018475
"MIN",0.389,25410500,1995,17.0506730323952
"MON",0.458,12473000,1995,16.3390768661078
"NYM",0.479,27674992,1995,17.1360397474894
"NYY",0.549,48874851,1995,17.7047735276718
"OAK",0.465,37739225,1995,17.4462105624527
"PHI",0.479,30555945,1995,17.2350698236679
"PIT",0.403,18355345,1995,16.7254313707048
"SDP",0.486,26382334,1995,17.0882051774579
"SEA",0.545,36481311,1995,17.4123106600247
"SFG",0.465,36462777,1995,17.4118024899753
"STL",0.434,37101000,1995,17.4291544813923
"TEX",0.514,34581451,1995,17.35882799801
"TOR",0.389,50590000,1995,17.7392644862681
"ATL",0.593,49698500,1996,17.7214853095249
"BAL",0.543,54599315,1996,17.8155318948489
"BOS",0.525,42393500,1996,17.5625056065635
"CAL",0.435,28847000,1996,17.1775165593763
"CHC",0.469,33081000,1996,17.3144696574089
"CHW",0.525,45289500,1996,17.6285857755068
"CIN",0.5,42526334,1996,17.5656340655367
"CLE",0.615,48216360,1996,17.6912089405183
"COL",0.512,40324823,1996,17.5124777926293
"DET",0.327,23438000,1996,16.9698691948007
"FLA",0.494,31132000,1996,17.2537467870614
"HOU",0.506,28487000,1996,17.1649584008243
"KCR",0.466,20281250,1996,16.8252073718686
"LAD",0.556,35355000,1996,17.3809503830205
"MIL",0.494,21730000,1996,16.8942043522326
"MIN",0.481,23117000,1996,16.9560788355637
"MON",0.543,16264500,1996,16.6044953765625
"NYM",0.438,24479500,1996,17.0133465905632
"NYY",0.568,54191792,1996,17.8080400158274
"OAK",0.481,21243000,1996,16.871537987302
"PHI",0.414,34314500,1996,17.3510785633313
"PIT",0.451,23017500,1996,16.9517653541441
"SDP",0.562,28348172,1996,17.1600731063413
"SEA",0.528,41328501,1996,17.5370629167762
"SFG",0.42,37144725,1996,17.4303323271216
"STL",0.543,40269667,1996,17.5111090636104
"TEX",0.556,39041528,1996,17.4801364580875
"TOR",0.457,30555083,1996,17.2350416127205
"ANA",0.518,31135472,1997,17.2538583059618
"ATL",0.624,52278500,1997,17.7720957546484
"BAL",0.605,58516400,1997,17.884817614794
"BOS",0.481,43558750,1997,17.5896211595659
"CHC",0.42,42155333,1997,17.5568717587265
"CHW",0.497,57740000,1997,17.8714607321991
"CIN",0.469,49768000,1997,17.722882765177
"CLE",0.534,56802460,1997,17.8550901926127
"COL",0.512,43559667,1997,17.5896422113717
"DET",0.488,17272000,1997,16.6645972511768
"FLA",0.568,48692500,1997,17.7010355720862
"HOU",0.518,34777500,1997,17.3644811839159
"KCR",0.416,34810000,1997,17.3654152597876
"LAD",0.543,45380304,1997,17.6305887362799
"MIL",0.484,23655338,1997,16.9790993556792
"MIN",0.42,34072500,1997,17.3440011652838
"MON",0.481,19295500,1997,16.7753824660672
"NYM",0.543,39800400,1997,17.4993875204554
"NYY",0.593,62241545,1997,17.9465332607911
"OAK",0.401,24018500,1997,16.9943349247061
"PHI",0.42,36656500,1997,17.4171013239141
"PIT",0.488,10771667,1997,16.1924298189564
"SDP",0.469,37363672,1997,17.436209453433
"SEA",0.556,41540661,1997,17.5421832886593
"SFG",0.556,35592378,1997,17.3876420717757
"STL",0.451,45456667,1997,17.6322700564989
"TEX",0.475,53448838,1997,17.7942354552551
"TOR",0.469,47079833,1997,17.6673552931963
"ANA",0.525,41791000,1998,17.5481915633075
"ARI",0.401,32347000,1998,17.2920318389077
"ATL",0.654,61186000,1998,17.9294289631435
"BAL",0.488,72525634,1998,18.0994506297467
"BOS",0.568,56927000,1998,17.8572803032451
"CHC",0.552,50838000,1998,17.7441546644087
"CHW",0.494,39850000,1998,17.5006329632005
"CIN",0.475,23005000,1998,16.9512221415717
"CLE",0.549,61718166,1998,17.9380888701765
"COL",0.475,50484648,1998,17.7371798480282
"DET",0.401,24265000,1998,17.0045455408215
"FLA",0.333,41864667,1998,17.5499527594507
"HOU",0.63,42374000,1998,17.5620455245664
"KCR",0.447,38097500,1998,17.4556592211462
"LAD",0.512,48820000,1998,17.7036506229291
"MIL",0.457,34139904,1998,17.3459774633758
"MIN",0.432,28097500,1998,17.1511911623746
"MON",0.401,10641500,1998,16.180272009385
"NYM",0.543,52247999,1998,17.7715121514251
"NYY",0.704,66806867,1998,18.0173164326246
"OAK",0.457,21473000,1998,16.8823068899493
"PHI",0.463,36297500,1998,17.40725942634
"PIT",0.426,15065000,1998,16.5278847305465
"SDP",0.605,46861500,1998,17.6627070007749
"SEA",0.472,54802036,1998,17.8192379045128
"SFG",0.546,42738334,1998,17.5706068272172
"STL",0.512,54672521,1998,17.8168717828499
"TBD",0.389,27280000,1998,17.1216643909395
"TEX",0.543,56752095,1998,17.854203129944
"TOR",0.543,51376000,1998,17.7546816953114
"ANA",0.432,55633166,1999,17.8342900921703
"ARI",0.617,68703999,1999,18.0453179651055
"ATL",0.636,73341000,1999,18.1106303556386
"BAL",0.481,80805863,1999,18.20756008274
"BOS",0.58,64097500,1999,17.9759159195703
"CHC",0.414,62343000,1999,17.948161954341
"CHW",0.466,25820000,1999,17.0666599433828
"CIN",0.589,33962761,1999,17.3407752176338
"CLE",0.599,73679962,1999,18.1152414341674
"COL",0.444,61935837,1999,17.9416095200472
"DET",0.429,36689666,1999,17.4180056929921
"FLA",0.395,21085000,1999,16.8640724451628
"HOU",0.599,55114000,1999,17.824914325334
"KCR",0.398,26660000,1999,17.0986748727148
"LAD",0.475,81062453,1999,18.2107304402412
"MIL",0.46,43377395,1999,17.5854490108453
"MIN",0.394,22107500,1999,16.911427475432
"MON",0.42,17903000,1999,16.7004788545334
"NYM",0.595,68852092,1999,18.047471167572
"NYY",0.605,86934359,1999,18.2806638975919
"OAK",0.537,24831833,1999,17.0276369767492
"PHI",0.475,31897500,1999,17.278038194778
"PIT",0.484,25047666,1999,17.0362912075015
"SDP",0.457,49768179,1999,17.7228863618592
"SEA",0.488,54125003,1999,17.8068067997142
"SFG",0.531,46798057,1999,17.661352242932
"STL",0.466,49988195,1999,17.7272974355164
"TBD",0.426,38870000,1999,17.4757333028284
"TEX",0.586,76709931,1999,18.1555417364435
"TOR",0.518,45444333,1999,17.6319986843451
"ANA",0.506,52664167,2000,17.7794458391715
"ARI",0.525,81027833,2000,18.2103032708978
"ATL",0.586,84737836,2000,18.2550727659001
"BAL",0.457,82347435,2000,18.2264578665618
"BOS",0.525,79975333,2000,18.1972288075924
"CHC",0.401,60539333,2000,17.9188038439881
"CHW",0.586,31743500,2000,17.2731985379346
"CIN",0.525,46867200,2000,17.6628286284088
"CLE",0.556,76972271,2000,18.1589557980772
"COL",0.506,61111190,2000,17.9282055497628
"DET",0.488,59645167,2000,17.9039236805937
"FLA",0.491,20347000,2000,16.828444038838
"HOU",0.444,51289111,2000,17.7529890264018
"KCR",0.475,24903000,2000,17.0304988361053
"LAD",0.531,88124286,2000,18.2942587169362
"MIL",0.451,37305333,2000,17.4346468502653
"MIN",0.426,17529500,2000,16.6793957339578
"MON",0.414,32994333,2000,17.3118463774112
"NYM",0.58,79509776,2000,18.191390540618
"NYY",0.54,93113260,2000,18.3493271596028
"OAK",0.565,33172333,2000,17.3172267430896
"PHI",0.401,47513000,2000,17.6765139157707
"PIT",0.426,31328334,2000,17.2600334856447
"SDP",0.469,55021000,2000,17.8232254885046
"SEA",0.562,60495000,2000,17.9180712749577
"SFG",0.599,53737826,2000,17.7996277062954
"STL",0.586,61653863,2000,17.93704644579
"TBD",0.429,63265129,2000,17.9628448506455
"TEX",0.438,70795921,2000,18.0753119440099
"TOR",0.512,46038332,2000,17.6449849117959
"ANA",0.463,47735167,2001,17.6811789378893
"ARI",0.568,85082999,2001,18.2591377968523
"ATL",0.543,91936166,2001,18.3366050463634
"BAL",0.391,74279540,2001,18.1233461016455
"BOS",0.509,110035833,2001,18.5163166252557
"CHC",0.543,64715833,2001,17.9855164435984
"CHW",0.512,65653667,2001,17.9999040139696
"CIN",0.407,48986000,2001,17.7070451009651
"CLE",0.562,93360001,2001,18.3519735566538
"COL",0.451,71541334,2001,18.0857859385321
"DET",0.407,53416167,2001,17.793624010919
"FLA",0.469,35762500,2001,17.3924104163405
"HOU",0.574,60612667,2001,17.9200144555992
"KCR",0.401,35422500,2001,17.3828577694205
"LAD",0.531,109105953,2001,18.5078300139343
"MIL",0.42,43886833,2001,17.597124901394
"MIN",0.525,24130000,2001,16.9989664376012
"MON",0.42,35159500,2001,17.3754054099748
"NYM",0.506,93174428,2001,18.349983864325
"NYY",0.594,112787143,2001,18.5410129100355
"OAK",0.63,33810750,2001,17.3362893572242
"PHI",0.531,41663833,2001,17.5451439962858
"PIT",0.383,57760833,2001,17.87182147419
"SDP",0.488,39182833,2001,17.4837492751663
"SEA",0.716,74720834,2001,18.1292695134928
"SFG",0.556,63280167,2001,17.9630825204847
"STL",0.574,79373333,2001,18.1896730133818
"TBD",0.383,56980000,2001,17.858210887034
"TEX",0.451,88633500,2001,18.3000204479495
"TOR",0.494,76895999,2001,18.1579644045138
"ANA",0.611,61721667,2002,17.9381455941677
"ARI",0.605,102819999,2002,18.4484904348659
"ATL",0.631,93470367,2002,18.3531550135446
"BAL",0.414,64493487,2002,17.9820747999233
"BOS",0.574,108366060,2002,18.5010254983129
"CHC",0.414,75690833,2002,18.1421676146416
"CHW",0.5,57052833,2002,17.859488291234
"CIN",0.481,45050390,2002,17.6232921990289
"CLE",0.457,78909449,2002,18.1838115378344
"COL",0.451,56851043,2002,17.8559451245185
"DET",0.342,55048000,2002,17.8237160898645
"FLA",0.488,41979917,2002,17.5527018952228
"HOU",0.518,63448417,2002,17.9657378030349
"KCR",0.383,47257000,2002,17.6711113490793
"LAD",0.568,94850953,2002,18.3678173017382
"MIL",0.346,50287833,2002,17.7332737171422
"MIN",0.584,40425000,2002,17.5149589634274
"MON",0.512,38670500,2002,17.4705875934197
"NYM",0.466,94633593,2002,18.3655230766952
"NYY",0.64,125928583,2002,18.6512255026357
"OAK",0.636,40004167,2002,17.5044941816524
"PHI",0.497,57954999,2002,17.8751773880502
"PIT",0.447,42323599,2002,17.5608553844315
"SDP",0.407,41425000,2002,17.5393951212769
"SEA",0.574,80282668,2002,18.2010643150223
"SFG",0.59,78299835,2002,18.1760560536791
"STL",0.599,74660875,2002,18.1284667511784
"TBD",0.342,34380000,2002,17.352985557919
"TEX",0.444,105726122,2002,18.4763625537044
"TOR",0.481,76864333,2002,18.1575525167396
"ANA",0.475,79031667,2003,18.1853591782144
"ARI",0.518,80657000,2003,18.2057161535614
"ATL",0.624,106243667,2003,18.4812457592865
"BAL",0.438,73877500,2003,18.1179188740655
"BOS",0.586,99946500,2003,18.4201456007888
"CHC",0.543,79868333,2003,18.1958899992597
"CHW",0.531,51010000,2003,17.7475322498991
"CIN",0.426,59355667,2003,17.8990581588761
"CLE",0.42,48584834,2003,17.6988219825574
"COL",0.457,67179667,2003,18.0228811853037
"DET",0.265,49168000,2003,17.7107535633524
"FLA",0.562,49450000,2003,17.716472616033
"HOU",0.537,71040000,2003,18.0787536566482
"KCR",0.512,40518000,2003,17.517256877785
"LAD",0.525,105872620,2003,18.477747231345
"MIL",0.42,40627000,2003,17.5199434281716
"MIN",0.556,55505000,2003,17.8319836647489
"MON",0.512,51948500,2003,17.7657634011754
"NYM",0.41,117176429,2003,18.5791912971329
"NYY",0.624,152749814,2003,18.8443119383393
"OAK",0.593,50260834,2003,17.7327366836547
"PHI",0.531,70780000,2003,18.0750870328816
"PIT",0.463,54812429,2003,17.8194275327709
"SDP",0.395,45210000,2003,17.6268288592708
"SEA",0.574,86959167,2003,18.2809492216145
"SFG",0.621,82852167,2003,18.2325684571979
"STL",0.525,83786666,2003,18.2437844358468
"TBD",0.389,19630000,2003,16.7925695662526
"TEX",0.438,103491667,2003,18.4550016553511
"TOR",0.531,51269000,2003,17.7525968389861
"ANA",0.568,100534667,2004,18.4260131712571
"ARI",0.315,69780750,2004,18.0608687417305
"ATL",0.593,90182500,2004,18.3173459529061
"BAL",0.481,51623333,2004,17.7594843181672
"BOS",0.605,127298500,2004,18.6620452802689
"CHC",0.549,90560000,2004,18.3215231724191
"CHW",0.512,65212500,2004,17.9931617263128
"CIN",0.469,46915250,2004,17.6638533404782
"CLE",0.494,34319300,2004,17.3512184361056
"COL",0.42,65445167,2004,17.9967232049657
"DET",0.444,46832000,2004,17.6620772879138
"FLA",0.512,42143042,2004,17.5565801516798
"HOU",0.568,75397000,2004,18.1382780443882
"KCR",0.358,47609000,2004,17.6785323769594
"LAD",0.574,92902001,2004,18.3470557428417
"MIL",0.416,27528500,2004,17.1307323896191
"MIN",0.568,53890000,2004,17.8024554899097
"MON",0.414,41197500,2004,17.533888132867
"NYM",0.438,102035970,2004,18.440835956142
"NYY",0.624,184193950,2004,19.0314998365121
"OAK",0.562,59425667,2004,17.9002367953798
"PHI",0.531,93219167,2004,18.3504639130183
"PIT",0.447,32227929,2004,17.2883439948236
"SDP",0.537,55384833,2004,17.8298163416718
"SEA",0.389,81515834,2004,18.2163078415493
"SFG",0.562,82019166,2004,18.2224635096248
"STL",0.648,84340333,2004,18.2503707545794
"TBD",0.435,29856667,2004,17.2119187229477
"TEX",0.549,55050417,2004,17.8237599960362
"TOR",0.416,50017000,2004,17.7278735056055
"ARI",0.475,62629166,2005,17.9527416381108
"ATL",0.556,86457302,2005,18.2751612315353
"BAL",0.457,73914333,2005,18.1184173183978
"BOS",0.586,123505125,2005,18.631793211147
"CHC",0.488,87032933,2005,18.2817971452205
"CHW",0.611,75178000,2005,18.1353691929265
"CIN",0.451,61892583,2005,17.9409109081815
"CLE",0.574,41502500,2005,17.5412642243504
"COL",0.414,47839000,2005,17.6833517643781
"DET",0.438,69092000,2005,18.0509495077953
"FLA",0.512,60408834,2005,17.9166459104885
"HOU",0.549,76779000,2005,18.1564417232271
"KCR",0.346,36881000,2005,17.4232070712525
"LAA",0.586,94867822,2005,18.3679951333739
"LAD",0.438,83039000,2005,18.2348209349201
"MIL",0.5,39934833,2005,17.5027595085295
"MIN",0.512,56186000,2005,17.8441781735105
"NYM",0.512,101305821,2005,18.4336544305492
"NYY",0.586,208306817,2005,19.154522632532
"OAK",0.543,55425762,2005,17.8305550616807
"PHI",0.543,95522000,2005,18.3748671454128
"PIT",0.414,38133000,2005,17.4565906069449
"SDP",0.506,63290833,2005,17.9632510583018
"SEA",0.426,87754334,2005,18.290051809404
"SFG",0.463,90199500,2005,18.3175344417802
"STL",0.617,92106833,2005,18.3384596895701
"TBD",0.414,29679067,2005,17.2059525404594
"TEX",0.488,55849000,2005,17.8381621782162
"TOR",0.494,45719500,2005,17.6380354606981
"WSN",0.5,48581500,2005,17.6987533579657
"ARI",0.469,59984226,2006,17.9095921856221
"ATL",0.488,90156876,2006,18.3170617775835
"BAL",0.432,72585582,2006,18.1002768650311
"BOS",0.531,120099824,2006,18.6038338216037
"CHC",0.407,94424499,2006,18.3633111207505
"CHW",0.556,102750667,2006,18.4478159028037
"CIN",0.494,60909519,2006,17.9249000258844
"CLE",0.481,56031500,2006,17.8414245905556
"COL",0.469,41233000,2006,17.5347494645876
"DET",0.586,82612866,2006,18.2296759890733
"FLA",0.481,14671500,2006,16.5014173943808
"HOU",0.506,100894435,2006,18.4295853301854
"KCR",0.383,47694000,2006,17.6803161617833
"LAA",0.549,103472000,2006,18.4548116026685
"LAD",0.543,98447187,2006,18.4050307897616
"MIL",0.463,57970333,2006,17.8754419376499
"MIN",0.593,63396006,2006,17.9649114205776
"NYM",0.599,101584963,2006,18.4364060801868
"NYY",0.599,194663079,2006,19.08678082216
"OAK",0.574,64843079,2006,17.987480739824
"PHI",0.525,88273333,2006,18.2959486154316
"PIT",0.414,46717750,2006,17.659634736078
"SDP",0.543,69896141,2006,18.0625209982409
"SEA",0.481,87959833,2006,18.2923908250588
"SFG",0.472,90056419,2006,18.3159469096665
"STL",0.515,88891371,2006,18.3029256316561
"TBD",0.377,34917967,2006,17.3685120684551
"TEX",0.494,68228662,2006,18.0383752984572
"TOR",0.537,71365000,2006,18.083318111046
"WSN",0.438,63143000,2006,17.9609125534275
"ARI",0.556,52067546,2007,17.7680523951635
"ATL",0.518,87290833,2007,18.284756009569
"BAL",0.426,93174808,2007,18.3499879426889
"BOS",0.593,143026214,2007,18.7785384861094
"CHC",0.525,101670332,2007,18.4372460977127
"CHW",0.444,108671833,2007,18.5038431924775
"CIN",0.444,68524980,2007,18.0427089082888
"CLE",0.593,61673267,2007,17.9373611210794
"COL",0.552,54041000,2007,17.8052535756963
"DET",0.543,95180369,2007,18.3712842705146
"FLA",0.438,30507000,2007,17.2334667234414
"HOU",0.451,87759000,2007,18.2901049791535
"KCR",0.426,67691500,2007,18.0304711760856
"LAA",0.58,109251333,2007,18.5091615932385
"LAD",0.506,108454524,2007,18.5018415094432
"MIL",0.512,70986500,2007,18.0780002760815
"MIN",0.488,71439500,2007,18.0843614956278
"NYM",0.543,116181663,2007,18.5706655844217
"NYY",0.58,207039045,2007,19.1484179566309
"OAK",0.469,79366940,2007,18.1895924667142
"PHI",0.549,89428213,2007,18.3089467720138
"PIT",0.42,38537833,2007,17.4671509920734
"SDP",0.546,58110567,2007,17.8778580813604
"SEA",0.543,106460833,2007,18.4832877102133
"SFG",0.438,90219056,2007,18.3177512265779
"STL",0.481,90286823,2007,18.3185020830437
"TBD",0.407,24123500,2007,16.9986970270905
"TEX",0.463,68643675,2007,18.0444395519205
"TOR",0.512,81942800,2007,18.2215320008441
"WSN",0.451,36947500,2007,17.4250085440709
"ARI",0.506,66202712,2008,18.0082319868355
"ATL",0.444,102365683,2008,18.444062087449
"BAL",0.422,67196246,2008,18.0231279408377
"BOS",0.586,133390035,2008,18.7087879885057
"CHC",0.603,120345833,2008,18.6058800975806
"CHW",0.546,121189332,2008,18.6128646079235
"CIN",0.457,74167695,2008,18.1218392359749
"CLE",0.5,78970066,2008,18.1845794272338
"COL",0.457,68655500,2008,18.0446118035022
"DET",0.457,138785196,2008,18.7484379432882
"FLA",0.522,21811500,2008,16.8979479116038
"HOU",0.534,87946807,2008,18.2922427237702
"KCR",0.463,59445500,2008,17.9005704843758
"LAA",0.617,119216333,2008,18.596450325021
"LAD",0.518,118588536,2008,18.5911703788104
"MIL",0.556,80937499,2008,18.2091877975029
"MIN",0.54,56932766,2008,17.8573815857298
"NYM",0.549,137793376,2008,18.7412658457223
"NYY",0.549,212286789,2008,19.173448696758
"OAK",0.466,47967126,2008,17.6860264592381
"PHI",0.568,97879880,2008,18.399251570547
"PIT",0.414,48689783,2008,17.7009797713817
"SDP",0.389,73677616,2008,18.1152095932532
"SEA",0.377,117666482,2008,18.5833647568231
"SFG",0.444,76594500,2008,18.1540358305664
"STL",0.531,99624449,2008,18.4169181643191
"TBR",0.599,44970597,2008,17.6215194341758
"TEX",0.488,68037326,2008,18.0355670243081
"TOR",0.531,97793900,2008,18.3983727608717
"WSN",0.366,54961000,2008,17.8221344007638
"ARI",0.432,75920666,2009,18.1451994846195
"ATL",0.531,99593166,2009,18.4166041057429
"BAL",0.395,69904166,2009,18.0626358048558
"BOS",0.586,125439499,2009,18.6473341206171
"CHC",0.515,139652000,2009,18.754664171771
"CHW",0.488,101081000,2009,18.4314327335893
"CIN",0.481,78979000,2009,18.1846925523093
"CLE",0.401,85224866,2009,18.2608038036784
"COL",0.568,79250200,2009,18.1881204943778
"DET",0.528,119510145,2009,18.5989118211299
"FLA",0.537,40029000,2009,17.5051147493927
"HOU",0.457,105804414,2009,18.4771027967451
"KCR",0.401,76817333,2009,18.1569408627579
"LAA",0.599,118169000,2009,18.5876263611947
"LAD",0.586,102117592,2009,18.4416355699577
"MIL",0.494,81384502,2009,18.2146954197253
"MIN",0.534,67804266,2009,18.0321356712852
"NYM",0.432,151994237,2009,18.8393531636181
"NYY",0.636,210330039,2009,19.1641884692742
"OAK",0.463,65945000,2009,18.0043316192421
"PHI",0.574,115479046,2009,18.5645996515541
"PIT",0.385,51912500,2009,17.7650701669211
"SDP",0.463,50954200,2009,17.7464377479941
"SEA",0.525,100134166,2009,18.4220215047308
"SFG",0.543,85444450,2009,18.2633770151532
"STL",0.562,90928409,2009,18.3255830405733
"TBR",0.518,67270334,2009,18.0242298950556
"TEX",0.537,79723548,2009,18.1940755580887
"TOR",0.463,83964500,2009,18.2459046484314
"WSN",0.364,64384000,2009,17.9803757130015
"ARI",0.401,61368166,2010,17.9324017896104
"ATL",0.562,84423666,2010,18.2513583231043
"BAL",0.407,81612500,2010,18.217492994477
"BOS",0.549,164507333,2010,18.9184657046838
"CHC",0.463,146609002,2010,18.8032797507158
"CHW",0.543,107195000,2010,18.4901601637222
"CIN",0.562,75321542,2010,18.1372767341937
"CLE",0.426,61203966,2010,17.9297225493044
"COL",0.512,90677000,2010,18.3228142996862
"DET",0.5,124039928,2010,18.6361140717384
"FLA",0.494,57454719,2010,17.8665076998778
"HOU",0.469,93216000,2010,18.3504299387413
"KCR",0.414,73105210,2010,18.1074101944101
"LAA",0.494,104963866,2010,18.469126715561
"LAD",0.494,95358016,2010,18.3731489556958
"MIL",0.475,81108278,2010,18.2112955853933
"MIN",0.58,97559166,2010,18.39596958269
"NYM",0.488,134422942,2010,18.7165016708906
"NYY",0.586,210733389,2010,19.1661043332346
"OAK",0.5,57904900,2010,17.8743125676325
"PHI",0.599,141928379,2010,18.7708331150871
"PIT",0.352,37443000,2010,17.4383303345687
"SDP",0.556,37799300,2010,17.4478011418998
"SEA",0.377,86510000,2010,18.2757705721566
"SFG",0.568,98641333,2010,18.4070009305166
"STL",0.531,93540751,2010,18.3539077388806
"TBR",0.593,71923471,2010,18.0911132089208
"TEX",0.556,56474374,2010,17.8492975357062
"TOR",0.525,62734000,2010,17.9544141233835
"WSN",0.426,67701000,2010,18.0306115088222
"ARI",0.58,54823166,2011,17.8196233998163
"ATL",0.549,93855132,2011,18.3572630025065
"BAL",0.426,88299038,2011,18.2962397708376
"BOS",0.556,166662475,2011,18.9314812174021
"CHC",0.438,136547329,2011,18.7321818450922
"CHW",0.488,127789000,2011,18.6658910242158
"CIN",0.488,77297134,2011,18.1631674365443
"CLE",0.494,49426566,2011,17.7159986108893
"COL",0.451,91648071,2011,18.3334664845653
"DET",0.586,106875231,2011,18.4871726466224
"FLA",0.444,57694000,2011,17.8706637399362
"HOU",0.346,71110500,2011,18.0797455631948
"KCR",0.438,35712000,2011,17.3909973247231
"LAA",0.531,138543166,2011,18.7466925029034
"LAD",0.509,103785477,2011,18.4578366056125
"MIL",0.593,86636333,2011,18.2772298351999
"MIN",0.389,112737000,2011,18.5405682303648
"NYM",0.475,151897309,2011,18.8387152518067
"NYY",0.599,206275028,2011,19.1447209236958
"OAK",0.457,67094000,2011,18.0216051791659
"PHI",0.63,172976379,2011,18.9686656055677
"PIT",0.444,45047000,2011,17.6232169471264
"SDP",0.438,45869140,2011,17.6413031177601
"SEA",0.414,86110600,2011,18.2711430744799
"SFG",0.531,124198333,2011,18.6373903054734
"STL",0.556,105433572,2011,18.4735916632789
"TBR",0.562,41053571,2011,17.530388381553
"TEX",0.593,93799264,2011,18.3566675674638
"TOR",0.5,64567800,2011,17.9832263924719
"WSN",0.497,68492928,2011,18.0422410570268
"ARI",0.5,67069833,2012,18.0212449181369
"ATL",0.58,86208000,2012,18.2722735387522
"BAL",0.574,77949000,2012,18.1715653246494
"BOS",0.426,110386000,2012,18.5194938721718
"CHC",0.377,86159366,2012,18.2717092323824
"CHW",0.525,118208000,2012,18.587956342541
"CIN",0.599,80309500,2012,18.2013984782705
"CLE",0.42,78911300,2012,18.1838349948261
"COL",0.395,75485000,2012,18.139444518984
"DET",0.543,131394000,2012,18.6937110008718
"HOU",0.34,37651000,2012,17.4438700722824
"KCR",0.444,61747075,2012,17.9385571639294
"LAA",0.549,140581000,2012,18.7612943930741
"LAD",0.531,177033600,2012,18.991850103031
"MIA",0.426,107678000,2012,18.4946558501369
"MIL",0.512,95717000,2012,18.3769064791008
"MIN",0.407,99066000,2012,18.411296852642
"NYM",0.457,91621424,2012,18.3331756887601
"NYY",0.586,197977900,2012,19.1036659662676
"OAK",0.58,61202500,2012,17.9296985963214
"PHI",0.5,171501558,2012,18.9601029090771
"PIT",0.488,70077000,2012,18.0651051954569
"SDP",0.469,55494700,2012,17.8317980786612
"SEA",0.463,78235600,2012,18.1752353448907
"SFG",0.58,117637350,2012,18.5831171450448
"STL",0.543,112071000,2012,18.534643156983
"TBR",0.556,63368700,2012,17.9644806066503
"TEX",0.574,124119900,2012,18.6367585918722
"TOR",0.451,82352700,2012,18.2265218009357
"WSN",0.605,92386000,2012,18.3414860099808
"ARI",0.5,80060500,2013,18.1982931568252
"ATL",0.593,95618750,2013,18.3758794884978
"BAL",0.525,100832000,2013,18.4289663235391
"BOS",0.599,175395500,2013,18.982553981929
"CHC",0.407,67874166,2013,18.0331660488501
"CHW",0.389,81401900,2013,18.2149091722237
"CIN",0.556,106255535,2013,18.4813574585296
"CLE",0.568,87342433,2013,18.2853469622859
"COL",0.457,73768000,2013,18.1164355912011
"DET",0.574,154407000,2013,18.8551025313148
"HOU",0.315,14672300,2013,16.5014719203795
"KCR",0.531,87426250,2013,18.2863061387812
"LAA",0.481,116532500,2013,18.5736807620222
"LAD",0.568,254161000,2013,19.3534784824472
"MIA",0.383,24761900,2013,17.0248167395086
"MIL",0.457,86945000,2013,18.2807862927983
"MIN",0.407,63042500,2013,17.959319660088
"NYM",0.457,69425860,2013,18.0557699785489
"NYY",0.525,246534750,2013,19.323013515142
"OAK",0.593,69440000,2013,18.0559736283164
"PHI",0.451,150860000,2013,18.8318628123898
"PIT",0.58,99230000,2013,18.4129509458904
"SDP",0.469,65988600,2013,18.0049925577989
"SEA",0.438,78887000,2013,18.1835270067148
"SFG",0.469,139845667,2013,18.756049993936
"STL",0.599,112583000,2013,18.5392012853623
"TBR",0.564,71163500,2013,18.0804906044877
"TEX",0.558,139261200,2013,18.751861864417
"TOR",0.457,124517800,2013,18.6399592355371
"WSN",0.531,112493250,2013,18.5384037778087
"ARI",0.395,89926500,2014,18.314503227974
"ATL",0.488,108081500,2014,18.4983961301283
"BAL",0.593,109097500,2014,18.5077525357836
"BOS",0.438,134628929,2014,18.7180328777875
"CHC",0.451,59800500,2014,17.9065245800899
"CHW",0.451,87475500,2014,18.2868693121205
"CIN",0.469,102230000,2014,18.4427357347332
"CLE",0.525,73509399,2014,18.1129238335584
"COL",0.407,95403500,2014,18.3736258233766
"DET",0.556,169135500,2014,18.9462107267853
"HOU",0.432,44736800,2014,17.6163069871053
"KCR",0.549,89804075,2014,18.313140910862
"LAA",0.605,128667000,2014,18.6727382294312
"LAD",0.58,230814600,2014,19.2571253488297
"MIA",0.475,42365400,2014,17.5618425493263
"MIL",0.506,109567000,2014,18.5120467922495
"MIN",0.432,87044000,2014,18.2819242958983
"NYM",0.488,82663615,2014,18.2302900994572
"NYY",0.518,258118959,2014,19.3689311180159
"OAK",0.543,89160900,2014,18.3059531606436
"PHI",0.451,176444967,2014,18.9885195840177
"PIT",0.543,80729000,2014,18.2066084243256
"SDP",0.475,76662100,2014,18.1549180112279
"SEA",0.537,95471000,2014,18.374333094414
"SFG",0.543,163510167,2014,18.9123857298545
"STL",0.556,129932500,2014,18.6825256428037
"TBR",0.475,77814300,2014,18.1698357768859
"TEX",0.414,129801239,2014,18.6815149076433
"TOR",0.512,136466200,2014,18.731587522879
"WSN",0.593,137235080,2014,18.7372059257054
"ARI",0.488,64434000,2015,17.9811520020684
"ATL",0.414,104037500,2015,18.4602619690365
"BAL",0.5,112989833,2015,18.5428083991774
"BOS",0.481,183931900,2015,19.0300761383705
"CHC",0.599,115306610,2015,18.5631053123038
"CHW",0.469,112889700,2015,18.54192179378
"CIN",0.395,111572286,2015,18.5301832437383
"CLE",0.503,59163766,2015,17.8958198516577
"COL",0.42,96438600,2015,18.3844170943739
"DET",0.46,172284750,2015,18.9646591891655
"HOU",0.531,93256200,2015,18.3508611022136
"KCR",0.586,121590475,2015,18.6161691938362
"LAA",0.525,131522500,2015,18.6946884976073
"LAD",0.568,265140000,2015,19.395768546335
"MIA",0.438,70031500,2015,18.064455698794
"MIL",0.42,70869500,2015,18.0763507155901
"MIN",0.512,107755000,2015,18.4953706895838
"NYM",0.556,98874473,2015,18.4093616540758
"NYY",0.537,214051957,2015,19.1817293332371
"OAK",0.42,64016001,2015,17.9746436257002
"PHI",0.389,103082167,2015,18.4510369660343
"PIT",0.605,104457499,2015,18.464290838507
"SDP",0.457,125203700,2015,18.6454525689093
"SEA",0.469,130681400,2015,18.6882728578323
"SFG",0.518,180018166,2015,19.0085683259844
"STL",0.617,128241500,2015,18.6694257630156
"TBR",0.494,64571233,2015,17.9832795599755
"TEX",0.543,178860789,2015,19.002118346144
"TOR",0.574,117917400,2015,18.5854949373155
"WSN",0.512,176496372,2015,18.9888108788856
